<?xml version='1.0' encoding='UTF-8'?>
<package version="0.1.1" uuid="xo_animations-8894e3">
 <names>
  <name lang="en_US">xo_animations</name>
 </names>
 <descriptions>
  <description lang="en_US">Animations for the X-O game.</description>
 </descriptions>
 <supportedLanguages>
  <language>en_US</language>
 </supportedLanguages>
 <descriptionLanguages>
  <language>en_US</language>
 </descriptionLanguages>
 <contents>
  <behaviorContent path="win_celebration">
   <nature>interactive</nature>
   <permissions/>
  </behaviorContent>
  <behaviorContent path="loose_humility">
   <nature>interactive</nature>
   <permissions/>
  </behaviorContent>
  <behaviorContent path="draw_defensive">
   <nature>interactive</nature>
   <permissions/>
  </behaviorContent>
  <behaviorContent path="request_token_right">
   <nature>interactive</nature>
   <permissions/>
  </behaviorContent>
  <behaviorContent path="request_token_left">
   <nature>interactive</nature>
   <permissions/>
  </behaviorContent>
 </contents>
</package>
